537634,1,959
Arcturus Mengsk,1,982
Ashran,1,787
Balt Ravens01,2,890
BB Phoenix,2,816
Beyonce,1,906
Big Momma,2,1001
Bilbo Swaggins,2,873
Brock Steele,1,919
Buss Gee,1,930
cashmoney,1,973
Caveman,2,1025
centurion,1,922
CodeDragon,2,1049
Evil_Blob,1,958
ezioauditore,1,785
Fufu Cuddlypoops,2,1052
Goku,2,1065
Harry Potter,2,1044
Hello World,1,1147
Hookeâ€™s Lawl,2,902
Jameson McJiggle Johansan The Strong,2,1039
Jaqen Highar,1,1001
Jeanne,2,1170
jeffersonsFire,1,865
Kajind,1,777
Kingcat 2,2,1123
Lebanese Laser,2,1043
Mark Zuckerburg,1,888
Mazik,1,1052
MML,1,1163
mnes,1,1067
Og,2,809
purplecorgis,2,998
RaPUNzel,2,855
Ricky Spanish,1,857
rm -rf /,2,1058
Roarik,2,1039
Robillard,1,1069
Shaniqua,1,1113
Semi Quaver,2,1095
Sillybus,2,1092
Soccer Girl9,1,1041
St. Alessia,2,1102
Sterling Mallory Archer,2,1094
Suros Regime,1,808
Tannerite,1,1047
The Wash Slinging Slasher,2,894
TOYSRUS,2,959
TylaDubya,2,1215
Tyler Fuqua,1,947
Ult Little Chill,1,1060
Waffle stomper,2,1030
Which Witch,2,1033
words,2,999
Young Chris Hunt,2,969